ID,Number Visits
1,1
2,5
3,3
4,3
5,1
6,3
7,1
8,2
9,2
10,2
11,2
12,2
13,3
14,3
15,3
16,3
17,3
18,3
19,1
20,1
21,1
22,4
23,2
24,2
25,1
26,2
27,4
28,2
29,2
30,2
31,4
32,2
33,3
34,1
35,3
36,1
37,3
38,1
39,1
40,4
41,2
42,1
43,1
44,2
45,3
46,4
47,2
48,2
49,3
50,2
51,4
52,4
53,3
54,5
55,1
56,3
57,2
58,1
59,1
60,1
61,2
62,3
63,1
64,1
65,2
66,4
67,1
68,1
69,1
70,2
71,5
72,2
73,2
74,3
75,3
76,2
77,4
78,1
79,3
80,4
81,3
82,1
83,1
84,3
85,2
86,3
87,1
88,1
89,2
90,5
91,1
92,2
93,2
94,1
95,1
96,4
97,3
98,3
99,4
100,1
